{"cameraMode":{"drawMode":0,"name":"Shaded","section":"Shading Mode"},"sceneLighting":true,"audioPlay":false,"sceneViewState":{"showFog":false,"showMaterialUpdate":false,"showSkybox":true,"showFlares":true,"showImageEffects":true,"showParticleSystems":true},"in2DMode":false,"pivot":{"x":0.048564910888671878,"y":1.2275619506835938,"z":-7.241490364074707},"rotation":{"x":-0.12872549891471864,"y":0.8203873038291931,"z":-0.20364274084568025,"w":-0.5185790061950684},"size":21.75467872619629,"orthographic":false}